﻿{"cameraMode":{"drawMode":0,"name":"Shaded","section":"Shading Mode"},"sceneLighting":true,"audioPlay":false,"sceneViewState":{"m_AlwaysRefresh":false,"showFog":true,"showSkybox":true,"showFlares":true,"showImageEffects":true,"showParticleSystems":true,"showVisualEffectGraphs":true,"m_FxEnabled":true},"in2DMode":false,"pivot":{"x":0.17384225130081178,"y":4.829999923706055,"z":1.0},"rotation":{"x":-0.11754283308982849,"y":-0.6309014558792114,"z":0.09748838096857071,"w":-0.7606879472732544},"size":8.789481163024903,"orthographic":false}