﻿{"cameraMode":{"drawMode":0,"name":"Shaded","section":"Shading Mode"},"sceneLighting":true,"audioPlay":false,"sceneViewState":{"showFog":true,"showMaterialUpdate":false,"showSkybox":true,"showFlares":true,"showImageEffects":true,"showParticleSystems":true},"in2DMode":false,"pivot":{"x":2.2321808338165285,"y":2.4463958740234377,"z":0.9381313323974609},"rotation":{"x":-0.197616308927536,"y":0.5105570554733276,"z":-0.12186692655086518,"w":-0.8279061317443848},"size":25.477785110473634,"orthographic":false}